"id_data_tfs","V2"
"Adipocyte.1","CAGE tags"
"Adipocyte.2","CAGE tags"
"Adipocyte.3","CAGE tags"
"Adipocyte.4","CAGE tags"
"Adipocyte.5","CAGE tags"
"Adipocyte.6","CAGE tags"
"Adipocyte.7","CAGE tags"
"Adipocyte.8","CAGE tags"
"Adipocyte.9","CAGE tags"
"AlveolarEpit.1","CAGE tags"
"AlveolarEpit.2","CAGE tags"
"AlveolarEpit.3","CAGE tags"
"AlveolarEpit.4","CAGE tags"
"AlveolarEpit.5","CAGE tags"
"AlveolarEpit.6","CAGE tags"
"Amnioticmemb.1","CAGE tags"
"Amnioticmemb.2","CAGE tags"
"AnulusPulpos1","CAGE tags"
"AnulusPulpos2","CAGE tags"
"AnulusPulpos3","CAGE tags"
"Astrocyte.1","CAGE tags"
"Astrocyte.2","CAGE tags"
"Basophils.1","CAGE tags"
"Basophils.2","CAGE tags"
"Basophils.3","CAGE tags"
"BronchialEpi1","CAGE tags"
"BronchialEpi2","CAGE tags"
"CardiacMyocy1","CAGE tags"
"CardiacMyocy2","CAGE tags"
"CD133stem.1","CAGE tags"
"CD133stem.2","CAGE tags"
"CD14monoc.1","CAGE tags"
"CD14monoc.2","CAGE tags"
"CD14monoc.3","CAGE tags"
"CD14monoc.4","CAGE tags"
"CD14.CD16","CAGE tags"
"CD19.1","CAGE tags"
"CD19.2","CAGE tags"
"CD19.3","CAGE tags"
"CD19.4","CAGE tags"
"CD34.1","CAGE tags"
"CD34.2","CAGE tags"
"CD34.3","CAGE tags"
"CD34stem.1","CAGE tags"
"CD4CD25.1","CAGE tags"
"CD4CD25.2","CAGE tags"
"CD4CD25CD45.1","CAGE tags"
"CD4CD25CD45.2","CAGE tags"
"CD8.1","CAGE tags"
"CD8.2","CAGE tags"
"CD8.3","CAGE tags"
"CD8.4","CAGE tags"
"CD8.5","CAGE tags"
"CD8.6","CAGE tags"
"CD8.7","CAGE tags"
"CD8.8","CAGE tags"
"Chondrocyte.1","CAGE tags"
"Chondrocyte.2","CAGE tags"
"chorionic.1","CAGE tags"
"chorionic.2","CAGE tags"
"CiliaryEpith1","CAGE tags"
"CiliaryEpith2","CAGE tags"
"commonmyeloi.1","CAGE tags"
"commonmyeloi0.2","CAGE tags"
"CornealEpith.1","CAGE tags"
"CornealEpith.2","CAGE tags"
"DendriticCel.1","CAGE tags"
"DendriticCel.2","CAGE tags"
"DendriticCel.3","CAGE tags"
"DendriticCel.4","CAGE tags"
"DendriticCel.5","CAGE tags"
"Endothelial.1","CAGE tags"
"Endothelial.2","CAGE tags"
"Endothelial.3","CAGE tags"
"Endothelial.4","CAGE tags"
"Eosinophils.1","CAGE tags"
"Eosinophils.2","CAGE tags"
"Eosinophils.3","CAGE tags"
"Esophageal.1","CAGE tags"
"Esophageal.2","CAGE tags"
"Fibroblast.1","CAGE tags"
"Fibroblast.2","CAGE tags"
"Fibroblast.3","CAGE tags"
"Fibroblast.4","CAGE tags"
"Fibroblast.5","CAGE tags"
"Fibroblast.6","CAGE tags"
"Fibroblast.7","CAGE tags"
"Fibroblast.8","CAGE tags"
"Fibroblast.9","CAGE tags"
"Fibroblast.10","CAGE tags"
"Fibroblast.11","CAGE tags"
"Fibroblast.12","CAGE tags"
"Fibroblast.13","CAGE tags"
"Fibroblast.14","CAGE tags"
"gammadelta.1","CAGE tags"
"gammadelta.2","CAGE tags"
"Gingivalepit.1","CAGE tags"
"Gingivalepit.2","CAGE tags"
"granulocyte.1","CAGE tags"
"granulocyte.2","CAGE tags"
"granulocyte.3","CAGE tags"
"HairFollicle.1","CAGE tags"
"HairFollicle.2","CAGE tags"
"HepaticSinus.1","CAGE tags"
"HepaticSinus.2","CAGE tags"
"Hepatocyte.1","CAGE tags"
"Hepatocyte.2","CAGE tags"
"immature.1","CAGE tags"
"immature.2","CAGE tags"
"Intestinal.1","CAGE tags"
"Intestinal.2","CAGE tags"
"IrisPigment.1","CAGE tags"
"Keratinocyte.1","CAGE tags"
"Keratinocyte.2","CAGE tags"
"LensEpitheli.1","CAGE tags"
"LensEpitheli.2","CAGE tags"
"Macrophage.1","CAGE tags"
"Macrophage.2","CAGE tags"
"Mallassezderiv.1","CAGE tags"
"Mallassezderiv.2","CAGE tags"
"Mallassezderiv.3","CAGE tags"
"MammaryEpith.1","CAGE tags"
"MammaryEpith.2","CAGE tags"
"MammaryEpith.3","CAGE tags"
"Mastcell.1","CAGE tags"
"Mastcell.2","CAGE tags"
"matureadipoc.1","CAGE tags"
"matureadipoc.2","CAGE tags"
"matureadipoc.3","CAGE tags"
"matureadipoc.4","CAGE tags"
"Melanocyte.1","CAGE tags"
"Melanocyte.2","CAGE tags"
"Meningeal.1","CAGE tags"
"Meningeal.2","CAGE tags"
"mesenchymal.1","CAGE tags"
"mesenchymal.2","CAGE tags"
"mesenchymal.3","CAGE tags"
"mesenchymal.4","CAGE tags"
"mesenchymal.5","CAGE tags"
"mesenchymal.6","CAGE tags"
"mesenchymal.7","CAGE tags"
"mesenchymal.8","CAGE tags"
"Mesothelial.1","CAGE tags"
"Mesothelial.2","CAGE tags"
"migratorylan.1","CAGE tags"
"migratorylan.2","CAGE tags"
"Myoblast.1","CAGE tags"
"Myoblast.2","CAGE tags"
"nasalepithel.1","CAGE tags"
"nasalepithel.2","CAGE tags"
"NaturalKille.1","CAGE tags"
"NaturalKille.2","CAGE tags"
"Neuralstem.1","CAGE tags"
"Neuralstem.2","CAGE tags"
"Neurons.1","CAGE tags"
"Neurons.2","CAGE tags"
"neutrophil.1","CAGE tags"
"neutrophil.2","CAGE tags"
"neutrophil.3","CAGE tags"
"neutrophil.4","CAGE tags"
"neutrophil.5","CAGE tags"
"NucleusPulpo.1","CAGE tags"
"NucleusPulpo.2","CAGE tags"
"Olfactoryepi.1","CAGE tags"
"Olfactoryepi.2","CAGE tags"
"Oligodendrocyte","CAGE tags"
"Osteoblast.1","CAGE tags"
"Osteoblast.2","CAGE tags"
"Pancreatic.1","CAGE tags"
"Pancreatic.2","CAGE tags"
"Pericytes.1","CAGE tags"
"Pericytes.2","CAGE tags"
"Perineurial.1","CAGE tags"
"Perineurial.2","CAGE tags"
"Peripheral.1","CAGE tags"
"Peripheral.2","CAGE tags"
"PlacentalEpi.1","CAGE tags"
"PlacentalEpi.2","CAGE tags"
"PlacentalEpi.3","CAGE tags"
"PlacentalEpi.4","CAGE tags"
"Preadipocyte.1","CAGE tags"
"Preadipocyte.2","CAGE tags"
"Preadipocyte.3","CAGE tags"
"Preadipocyte.4","CAGE tags"
"Preadipocyte.5","CAGE tags"
"promyelocytes.1","CAGE tags"
"promyelocytes.2","CAGE tags"
"promyelocytes.3","CAGE tags"
"ProstateEpit.1","CAGE tags"
"ProstateEpit.2","CAGE tags"
"RenalCortica.1","CAGE tags"
"RenalCortica.2","CAGE tags"
"RenalEpithel.1","CAGE tags"
"RenalEpithel.2","CAGE tags"
"RenalGlomeru.1","CAGE tags"
"RenalGlomeru.2","CAGE tags"
"RenalMesangi.1","CAGE tags"
"RenalMesangi.2","CAGE tags"
"RenalProxima.1","CAGE tags"
"RenalProxima.2","CAGE tags"
"RetinalPigme.1","CAGE tags"
"RetinalPigme.2","CAGE tags"
"salivaryacin.1","CAGE tags"
"salivaryacin0.2","CAGE tags"
"SchwannCells.1","CAGE tags"
"SchwannCells.2","CAGE tags"
"Sebocyte.1","CAGE tags"
"Sebocyte.2","CAGE tags"
"SertoliCells.1","CAGE tags"
"SertoliCells.2","CAGE tags"
"Skeletalmusc.1","CAGE tags"
"Skeletalmusc.2","CAGE tags"
"Skeletalmusc.3","CAGE tags"
"SmallAirway.1","CAGE tags"
"SmallAirway.2","CAGE tags"
"SmallAirway.3","CAGE tags"
"Smoothmuscle.1","CAGE tags"
"Smoothmuscle.2","CAGE tags"
"Smoothmuscle.3","CAGE tags"
"Smoothmuscle.4","CAGE tags"
"Smoothmuscle.5","CAGE tags"
"Smoothmuscle.6","CAGE tags"
"Smoothmuscle.7","CAGE tags"
"Smoothmuscle.8","CAGE tags"
"Smoothmuscle.9","CAGE tags"
"Smoothmuscle.10","CAGE tags"
"Smoothmuscle.11","CAGE tags"
"Smoothmuscle.12","CAGE tags"
"Smoothmuscle.13","CAGE tags"
"Smoothmuscle.14","CAGE tags"
"Smoothmuscle.15","CAGE tags"
"Smoothmuscle.16","CAGE tags"
"Smoothmuscle.17","CAGE tags"
"Smoothmuscle.18","CAGE tags"
"Smoothmuscle.19","CAGE tags"
"Smoothmuscle.20","CAGE tags"
"Smoothmuscle.21","CAGE tags"
"Smoothmuscle.22","CAGE tags"
"Smoothmuscle.23","CAGE tags"
"Smoothmuscle.24","CAGE tags"
"Smoothmuscle.25","CAGE tags"
"Smoothmuscle.26","CAGE tags"
"Smoothmuscle.27","CAGE tags"
"Smoothmuscle.28","CAGE tags"
"Smoothmuscle.29","CAGE tags"
"Smoothmuscle.30","CAGE tags"
"Smoothmuscle.31","CAGE tags"
"Smoothmuscle.32","CAGE tags"
"Smoothmuscle.33","CAGE tags"
"Smoothmuscle.34","CAGE tags"
"Smoothmuscle.35","CAGE tags"
"Smoothmuscle.36","CAGE tags"
"tenocyte.1","CAGE tags"
"tenocyte.2","CAGE tags"
"Wholeblood.1","CAGE tags"
"SRX012425","DNase hypersensitivity regions"
"SRX012426","DNase hypersensitivity regions"
"SRX100896","DNase hypersensitivity regions"
"SRX018822","DNase hypersensitivity regions"
"SRX018823","DNase hypersensitivity regions"
"SRX062367","DNase hypersensitivity regions"
"SRX037113","DNase hypersensitivity regions"
"SRX069091","DNase hypersensitivity regions"
"SRX069111","DNase hypersensitivity regions"
"SRX069113","DNase hypersensitivity regions"
"SRX069139","DNase hypersensitivity regions"
"SRX069160","DNase hypersensitivity regions"
"SRX069189","DNase hypersensitivity regions"
"SRX069145","DNase hypersensitivity regions"
"SRX069227","DNase hypersensitivity regions"
"SRX069119","DNase hypersensitivity regions"
"SRX069206","DNase hypersensitivity regions"
"SRX084351","DNase hypersensitivity regions"
"SRX148292","DNase hypersensitivity regions"
"SRX148293","DNase hypersensitivity regions"
"SRX189424","DNase hypersensitivity regions"
"SRX754586","DNase hypersensitivity regions"
"SRX037119","DNase hypersensitivity regions"
"SRX069100","DNase hypersensitivity regions"
"SRX069126","DNase hypersensitivity regions"
"SRX069168","DNase hypersensitivity regions"
"SRX189403","DNase hypersensitivity regions"
"SRX201273","DNase hypersensitivity regions"
"SRX069089","DNase hypersensitivity regions"
"SRX069213","DNase hypersensitivity regions"
"SRX100913","DNase hypersensitivity regions"
"SRX121243","DNase hypersensitivity regions"
"SRX189387","DNase hypersensitivity regions"
"SRX189390","DNase hypersensitivity regions"
"SRX189409","DNase hypersensitivity regions"
"SRX201806","DNase hypersensitivity regions"
"SRX201808","DNase hypersensitivity regions"
"SRX201813","DNase hypersensitivity regions"
"SRX201822","DNase hypersensitivity regions"
"SRX2370612","DNase hypersensitivity regions"
"SRX2370643","DNase hypersensitivity regions"
"SRX091575","DNase hypersensitivity regions"
"SRX091576","DNase hypersensitivity regions"
"SRX100908","DNase hypersensitivity regions"
"SRX100909","DNase hypersensitivity regions"
"SRX189402","DNase hypersensitivity regions"
"SRX201292","DNase hypersensitivity regions"
"SRX2370592","DNase hypersensitivity regions"
"SRX2370593","DNase hypersensitivity regions"
"SRX581576","DNase hypersensitivity regions"
"SRX581577","DNase hypersensitivity regions"
"SRX026916","DNase hypersensitivity regions"
"SRX026917","DNase hypersensitivity regions"
"SRX026924","DNase hypersensitivity regions"
"SRX037109","DNase hypersensitivity regions"
"SRX037110","DNase hypersensitivity regions"
"SRX037111","DNase hypersensitivity regions"
"SRX037114","DNase hypersensitivity regions"
"SRX037117","DNase hypersensitivity regions"
"SRX037118","DNase hypersensitivity regions"
"SRX040375","DNase hypersensitivity regions"
"SRX040391","DNase hypersensitivity regions"
"SRX040394","DNase hypersensitivity regions"
"SRX040401","DNase hypersensitivity regions"
"SRX040411","DNase hypersensitivity regions"
"SRX040416","DNase hypersensitivity regions"
"SRX055156","DNase hypersensitivity regions"
"SRX055157","DNase hypersensitivity regions"
"SRX055158","DNase hypersensitivity regions"
"SRX055162","DNase hypersensitivity regions"
"SRX055164","DNase hypersensitivity regions"
"SRX055165","DNase hypersensitivity regions"
"SRX055166","DNase hypersensitivity regions"
"SRX055167","DNase hypersensitivity regions"
"SRX055173","DNase hypersensitivity regions"
"SRX055174","DNase hypersensitivity regions"
"SRX055185","DNase hypersensitivity regions"
"SRX069090","DNase hypersensitivity regions"
"SRX069123","DNase hypersensitivity regions"
"SRX069129","DNase hypersensitivity regions"
"SRX069134","DNase hypersensitivity regions"
"SRX069137","DNase hypersensitivity regions"
"SRX069138","DNase hypersensitivity regions"
"SRX069146","DNase hypersensitivity regions"
"SRX069149","DNase hypersensitivity regions"
"SRX069151","DNase hypersensitivity regions"
"SRX069162","DNase hypersensitivity regions"
"SRX069177","DNase hypersensitivity regions"
"SRX069185","DNase hypersensitivity regions"
"SRX069199","DNase hypersensitivity regions"
"SRX069205","DNase hypersensitivity regions"
"SRX100905","DNase hypersensitivity regions"
"SRX100911","DNase hypersensitivity regions"
"SRX100990","DNase hypersensitivity regions"
"SRX100991","DNase hypersensitivity regions"
"SRX156141","DNase hypersensitivity regions"
"SRX156142","DNase hypersensitivity regions"
"SRX189396","DNase hypersensitivity regions"
"SRX2370668","DNase hypersensitivity regions"
"SRX2370669","DNase hypersensitivity regions"
"SRX069084","DNase hypersensitivity regions"
"SRX069087","DNase hypersensitivity regions"
"SRX069088","DNase hypersensitivity regions"
"SRX069092","DNase hypersensitivity regions"
"SRX069095","DNase hypersensitivity regions"
"SRX069096","DNase hypersensitivity regions"
"SRX069097","DNase hypersensitivity regions"
"SRX069098","DNase hypersensitivity regions"
"SRX069102","DNase hypersensitivity regions"
"SRX069105","DNase hypersensitivity regions"
"SRX069107","DNase hypersensitivity regions"
"SRX069108","DNase hypersensitivity regions"
"SRX069109","DNase hypersensitivity regions"
"SRX069117","DNase hypersensitivity regions"
"SRX069118","DNase hypersensitivity regions"
"SRX069120","DNase hypersensitivity regions"
"SRX069121","DNase hypersensitivity regions"
"SRX069124","DNase hypersensitivity regions"
"SRX069125","DNase hypersensitivity regions"
"SRX069127","DNase hypersensitivity regions"
"SRX069128","DNase hypersensitivity regions"
"SRX069130","DNase hypersensitivity regions"
"SRX069131","DNase hypersensitivity regions"
"SRX069132","DNase hypersensitivity regions"
"SRX069133","DNase hypersensitivity regions"
"SRX069136","DNase hypersensitivity regions"
"SRX069140","DNase hypersensitivity regions"
"SRX069141","DNase hypersensitivity regions"
"SRX069142","DNase hypersensitivity regions"
"SRX069143","DNase hypersensitivity regions"
"SRX069144","DNase hypersensitivity regions"
"SRX069147","DNase hypersensitivity regions"
"SRX069148","DNase hypersensitivity regions"
"SRX069150","DNase hypersensitivity regions"
"SRX069154","DNase hypersensitivity regions"
"SRX069155","DNase hypersensitivity regions"
"SRX069156","DNase hypersensitivity regions"
"SRX069161","DNase hypersensitivity regions"
"SRX069165","DNase hypersensitivity regions"
"SRX069167","DNase hypersensitivity regions"
"SRX069169","DNase hypersensitivity regions"
"SRX069172","DNase hypersensitivity regions"
"SRX069176","DNase hypersensitivity regions"
"SRX069178","DNase hypersensitivity regions"
"SRX069179","DNase hypersensitivity regions"
"SRX069182","DNase hypersensitivity regions"
"SRX069183","DNase hypersensitivity regions"
"SRX069187","DNase hypersensitivity regions"
"SRX069191","DNase hypersensitivity regions"
"SRX069194","DNase hypersensitivity regions"
"SRX069201","DNase hypersensitivity regions"
"SRX069207","DNase hypersensitivity regions"
"SRX069208","DNase hypersensitivity regions"
"SRX069209","DNase hypersensitivity regions"
"SRX069210","DNase hypersensitivity regions"
"SRX069211","DNase hypersensitivity regions"
"SRX069212","DNase hypersensitivity regions"
"SRX069214","DNase hypersensitivity regions"
"SRX069216","DNase hypersensitivity regions"
"SRX069218","DNase hypersensitivity regions"
"SRX069223","DNase hypersensitivity regions"
"SRX069225","DNase hypersensitivity regions"
"SRX069226","DNase hypersensitivity regions"
"SRX069229","DNase hypersensitivity regions"
"SRX089254","DNase hypersensitivity regions"
"SRX089258","DNase hypersensitivity regions"
"SRX089282","DNase hypersensitivity regions"
"SRX089283","DNase hypersensitivity regions"
"SRX100887","DNase hypersensitivity regions"
"SRX100894","DNase hypersensitivity regions"
"SRX100900","DNase hypersensitivity regions"
"SRX100903","DNase hypersensitivity regions"
"SRX100906","DNase hypersensitivity regions"
"SRX100910","DNase hypersensitivity regions"
"SRX100919","DNase hypersensitivity regions"
"SRX189389","DNase hypersensitivity regions"
"SRX193593","DNase hypersensitivity regions"
"SRX201809","DNase hypersensitivity regions"
"SRX2105477","DNase hypersensitivity regions"
"SRX2370685","DNase hypersensitivity regions"
"SRX2370791","DNase hypersensitivity regions"
"SRX2469628","DNase hypersensitivity regions"
"SRX2469629","DNase hypersensitivity regions"
"SRX581586","DNase hypersensitivity regions"
"SRX581587","DNase hypersensitivity regions"
"SRX1420086","DNase hypersensitivity regions"
"SRX1420087","DNase hypersensitivity regions"
"SRX1892845","DNase hypersensitivity regions"
"SRX189386","DNase hypersensitivity regions"
"SRX189393","DNase hypersensitivity regions"
"SRX189394","DNase hypersensitivity regions"
"SRX189401","DNase hypersensitivity regions"
"SRX189407","DNase hypersensitivity regions"
"SRX189408","DNase hypersensitivity regions"
"SRX189413","DNase hypersensitivity regions"
"SRX189414","DNase hypersensitivity regions"
"SRX189417","DNase hypersensitivity regions"
"SRX189419","DNase hypersensitivity regions"
"SRX189420","DNase hypersensitivity regions"
"SRX189421","DNase hypersensitivity regions"
"SRX189432","DNase hypersensitivity regions"
"SRX189433","DNase hypersensitivity regions"
"SRX193584","DNase hypersensitivity regions"
"SRX193596","DNase hypersensitivity regions"
"SRX193607","DNase hypersensitivity regions"
"SRX193611","DNase hypersensitivity regions"
"SRX193613","DNase hypersensitivity regions"
"SRX201252","DNase hypersensitivity regions"
"SRX201253","DNase hypersensitivity regions"
"SRX201289","DNase hypersensitivity regions"
"SRX201300","DNase hypersensitivity regions"
"SRX201793","DNase hypersensitivity regions"
"SRX201821","DNase hypersensitivity regions"
"SRX2370615","DNase hypersensitivity regions"
"SRX2370645","DNase hypersensitivity regions"
"SRX2370646","DNase hypersensitivity regions"
"SRX2370766","DNase hypersensitivity regions"
"SRX201251","DNase hypersensitivity regions"
"SRX201256","DNase hypersensitivity regions"
"SRX201266","DNase hypersensitivity regions"
"SRX201278","DNase hypersensitivity regions"
"SRX201279","DNase hypersensitivity regions"
"SRX201285","DNase hypersensitivity regions"
"SRX201286","DNase hypersensitivity regions"
"SRX201287","DNase hypersensitivity regions"
"SRX201290","DNase hypersensitivity regions"
"SRX201291","DNase hypersensitivity regions"
"SRX201295","DNase hypersensitivity regions"
"SRX2370571","DNase hypersensitivity regions"
"SRX2370572","DNase hypersensitivity regions"
"SRX2370578","DNase hypersensitivity regions"
"SRX2370595","DNase hypersensitivity regions"
"SRX2370605","DNase hypersensitivity regions"
"SRX2370606","DNase hypersensitivity regions"
"SRX2370611","DNase hypersensitivity regions"
"SRX2370620","DNase hypersensitivity regions"
"SRX2370624","DNase hypersensitivity regions"
"SRX2370625","DNase hypersensitivity regions"
"SRX2370635","DNase hypersensitivity regions"
"SRX2370636","DNase hypersensitivity regions"
"SRX2370639","DNase hypersensitivity regions"
"SRX2370640","DNase hypersensitivity regions"
"SRX2370686","DNase hypersensitivity regions"
"SRX2370698","DNase hypersensitivity regions"
"SRX2370706","DNase hypersensitivity regions"
"SRX2370708","DNase hypersensitivity regions"
"SRX2370756","DNase hypersensitivity regions"
"SRX2370761","DNase hypersensitivity regions"
"SRX2370762","DNase hypersensitivity regions"
"SRX2370763","DNase hypersensitivity regions"
"SRX2370779","DNase hypersensitivity regions"
"SRX2370783","DNase hypersensitivity regions"
"SRX2370798","DNase hypersensitivity regions"
"SRX2935864","DNase hypersensitivity regions"
"SRX2935865","DNase hypersensitivity regions"
"SRX3205779","Histone marks"
"SRX1023528","Histone marks"
"SRX974429","Histone marks"
"SRX974431","Histone marks"
"SRX038564","Histone marks"
"SRX038565","Histone marks"
"SRX038566","Histone marks"
"SRX038567","Histone marks"
"SRX038568","Histone marks"
"SRX038569","Histone marks"
"SRX038570","Histone marks"
"SRX038571","Histone marks"
"SRX038572","Histone marks"
"SRX038573","Histone marks"
"SRX038574","Histone marks"
"SRX038575","Histone marks"
"SRX038576","Histone marks"
"SRX038577","Histone marks"
"SRX040574","Histone marks"
"SRX067401","Histone marks"
"SRX038578","Histone marks"
"SRX038579","Histone marks"
"SRX067398","Histone marks"
"SRX067405","Histone marks"
"SRX067411","Histone marks"
"SRX067456","Histone marks"
"SRX067458","Histone marks"
"SRX067413","Histone marks"
"SRX067460","Histone marks"
"SRX067484","Histone marks"
"SRX067496","Histone marks"
"SRX067504","Histone marks"
"SRX037430","Histone marks"
"SRX037431","Histone marks"
"SRX037432","Histone marks"
"SRX037433","Histone marks"
"SRX067463","Histone marks"
"SRX067464","Histone marks"
"SRX067473","Histone marks"
"SRX099400","Histone marks"
"SRX099401","Histone marks"
"SRX099402","Histone marks"
"SRX099403","Histone marks"
"SRX099890","Histone marks"
"SRX1012137","Histone marks"
"SRX1012138","Histone marks"
"SRX1012139","Histone marks"
"SRX1012140","Histone marks"
"SRX1012141","Histone marks"
"SRX1012142","Histone marks"
"SRX1012143","Histone marks"
"SRX1012144","Histone marks"
"SRX099891","Histone marks"
"SRX1012145","Histone marks"
"SRX1184121","Histone marks"
"SRX1184122","Histone marks"
"SRX1184123","Histone marks"
"SRX1184124","Histone marks"
"SRX119737","Histone marks"
"SRX130252","Histone marks"
"SRX130253","Histone marks"
"SRX130254","Histone marks"
"SRX130256","Histone marks"
"SRX130257","Histone marks"
"SRX130258","Histone marks"
"SRX1360979","Histone marks"
"SRX1360980","Histone marks"
"SRX1360981","Histone marks"
"SRX1403823","Histone marks"
"SRX1403824","Histone marks"
"SRX1403825","Histone marks"
"SRX1403826","Histone marks"
"SRX1403827","Histone marks"
"SRX1403828","Histone marks"
"SRX1403829","Histone marks"
"SRX1403830","Histone marks"
"SRX151348","Histone marks"
"SRX151349","Histone marks"
"SRX151350","Histone marks"
"SRX151351","Histone marks"
"SRX151352","Histone marks"
"SRX151353","Histone marks"
"SRX151354","Histone marks"
"SRX151355","Histone marks"
"SRX151356","Histone marks"
"SRX151357","Histone marks"
"SRX151358","Histone marks"
"SRX151359","Histone marks"
"SRX151360","Histone marks"
"SRX151361","Histone marks"
"SRX151362","Histone marks"
"SRX151363","Histone marks"
"SRX151364","Histone marks"
"SRX151365","Histone marks"
"SRX151366","Histone marks"
"SRX151367","Histone marks"
"SRX151368","Histone marks"
"SRX151369","Histone marks"
"SRX151370","Histone marks"
"SRX151371","Histone marks"
"SRX151372","Histone marks"
"SRX151373","Histone marks"
"SRX151374","Histone marks"
"SRX151375","Histone marks"
"SRX151376","Histone marks"
"SRX151377","Histone marks"
"SRX151378","Histone marks"
"SRX151379","Histone marks"
"SRX151380","Histone marks"
"SRX151381","Histone marks"
"SRX151382","Histone marks"
"SRX151383","Histone marks"
"SRX151384","Histone marks"
"SRX151385","Histone marks"
"SRX151386","Histone marks"
"SRX151387","Histone marks"
"SRX151388","Histone marks"
"SRX151389","Histone marks"
"SRX151390","Histone marks"
"SRX151391","Histone marks"
"SRX151392","Histone marks"
"SRX151393","Histone marks"
"SRX151394","Histone marks"
"SRX151395","Histone marks"
"SRX1595751","Histone marks"
"SRX1595752","Histone marks"
"SRX1658064","Histone marks"
"SRX1658065","Histone marks"
"SRX1658066","Histone marks"
"SRX1658073","Histone marks"
"SRX1658074","Histone marks"
"SRX186682","Histone marks"
"SRX186701","Histone marks"
"SRX186681","Histone marks"
"SRX186696","Histone marks"
"SRX186753","Histone marks"
"SRX189942","Histone marks"
"SRX186722","Histone marks"
"SRX186749","Histone marks"
"SRX186750","Histone marks"
"SRX189961","Histone marks"
"SRX189987","Histone marks"
"SRX189990","Histone marks"
"SRX2368880","Histone marks"
"SRX2368881","Histone marks"
"SRX2368882","Histone marks"
"SRX2368883","Histone marks"
"SRX190060","Histone marks"
"SRX026055","Histone marks"
"SRX026070","Histone marks"
"SRX3205774","Histone marks"
"SRX3205776","Histone marks"
"SRX3205777","Histone marks"
"SRX3205778","Histone marks"
"SRX3644343","Histone marks"
"SRX3644344","Histone marks"
"SRX3644352","Histone marks"
"SRX3644353","Histone marks"
"SRX3644359","Histone marks"
"SRX3644360","Histone marks"
"SRX3644361","Histone marks"
"SRX3644362","Histone marks"
"SRX4080277","Histone marks"
"SRX4080278","Histone marks"
"SRX4080279","Histone marks"
"SRX4080280","Histone marks"
"SRX4080281","Histone marks"
"SRX4080282","Histone marks"
"SRX4080283","Histone marks"
"SRX4080284","Histone marks"
"SRX4080285","Histone marks"
"SRX4080287","Histone marks"
"SRX3644363","Histone marks"
"SRX3644364","Histone marks"
"SRX381321","Histone marks"
"SRX381322","Histone marks"
"SRX381323","Histone marks"
"SRX381324","Histone marks"
"SRX381325","Histone marks"
"SRX539644","Histone marks"
"SRX539645","Histone marks"
"SRX539646","Histone marks"
"SRX539647","Histone marks"
"SRX750658","Histone marks"
"SRX750663","Histone marks"
"SRX038604","Histone marks"
"SRX038605","Histone marks"
"SRX038606","Histone marks"
"SRX038607","Histone marks"
"SRX038614","Histone marks"
"SRX038615","Histone marks"
"SRX113587","Histone marks"
"SRX1146095","Histone marks"
"SRX1782982","Histone marks"
"SRX038506","Histone marks"
"SRX038507","Histone marks"
"SRX038508","Histone marks"
"SRX038509","Histone marks"
"SRX038516","Histone marks"
"SRX038517","Histone marks"
"SRX091996","Histone marks"
"SRX091997","Histone marks"
"SRX1013888","Histone marks"
"SRX1013889","Histone marks"
"SRX1013892","Histone marks"
"SRX1013895","Histone marks"
"SRX1013896","Histone marks"
"SRX1013899","Histone marks"
"SRX110937","Histone marks"
"SRX1456201","Histone marks"
"SRX1458748","Histone marks"
"SRX1458750","Histone marks"
"SRX1458752","Histone marks"
"SRX1458754","Histone marks"
"SRX1458756","Histone marks"
"SRX1458758","Histone marks"
"SRX151398","Histone marks"
"SRX1707573","Histone marks"
"SRX1707574","Histone marks"
"SRX2253241","Histone marks"
"SRX2253243","Histone marks"
"SRX2426299","Histone marks"
"SRX2426300","Histone marks"
"SRX663448","Histone marks"
"SRX707366","Histone marks"
"SRX707369","Histone marks"
"SRX871279","Histone marks"
"SRX871282","Histone marks"
"SRX871290","Histone marks"
"SRX871291","Histone marks"
"SRX003795","Histone marks"
"SRX003843","Histone marks"
"SRX003845","Histone marks"
"SRX005146","Histone marks"
"SRX005149","Histone marks"
"SRX005383","Histone marks"
"SRX005384","Histone marks"
"SRX005385","Histone marks"
"SRX005386","Histone marks"
"SRX012394","Histone marks"
"SRX012397","Histone marks"
"SRX019616","Histone marks"
"SRX026054","Histone marks"
"SRX026069","Histone marks"
"SRX027298","Histone marks"
"SRX038917","Histone marks"
"SRX093188","Histone marks"
"SRX1053362","Histone marks"
"SRX1053363","Histone marks"
"SRX1053940","Histone marks"
"SRX106084","Histone marks"
"SRX1089813","Histone marks"
"SRX1089816","Histone marks"
"SRX1089818","Histone marks"
"SRX1142193","Histone marks"
"SRX1142194","Histone marks"
"SRX1142195","Histone marks"
"SRX1142196","Histone marks"
"SRX1142250","Histone marks"
"SRX1733633","Histone marks"
"SRX1823772","Histone marks"
"SRX1823773","Histone marks"
"SRX1823779","Histone marks"
"SRX1823780","Histone marks"
"SRX2164057","Histone marks"
"SRX2164058","Histone marks"
"SRX2778364","Histone marks"
"SRX2778365","Histone marks"
"SRX306543","Histone marks"
"SRX306547","Histone marks"
"SRX306549","Histone marks"
"SRX306553","Histone marks"
"SRX306557","Histone marks"
"SRX306559","Histone marks"
"SRX306563","Histone marks"
"SRX306567","Histone marks"
"SRX306569","Histone marks"
"SRX356440","Histone marks"
"SRX356441","Histone marks"
"SRX356442","Histone marks"
"SRX356443","Histone marks"
"SRX356448","Histone marks"
"SRX356449","Histone marks"
"SRX356503","Histone marks"
"SRX356504","Histone marks"
"SRX356506","Histone marks"
"SRX356507","Histone marks"
"SRX356515","Histone marks"
"SRX356516","Histone marks"
"SRX356525","Histone marks"
"SRX356526","Histone marks"
"SRX356528","Histone marks"
"SRX356529","Histone marks"
"SRX356537","Histone marks"
"SRX356538","Histone marks"
"SRX356597","Histone marks"
"SRX356598","Histone marks"
"SRX356599","Histone marks"
"SRX356600","Histone marks"
"SRX356605","Histone marks"
"SRX356606","Histone marks"
"SRX356614","Histone marks"
"SRX356615","Histone marks"
"SRX356616","Histone marks"
"SRX356617","Histone marks"
"SRX356622","Histone marks"
"SRX356623","Histone marks"
"SRX356631","Histone marks"
"SRX356633","Histone marks"
"SRX356639","Histone marks"
"SRX019331","Histone marks"
"SRX019332","Histone marks"
"SRX037081","Histone marks"
"SRX038584","Histone marks"
"SRX038585","Histone marks"
"SRX038586","Histone marks"
"SRX038587","Histone marks"
"SRX038594","Histone marks"
"SRX038595","Histone marks"
"SRX038646","Histone marks"
"SRX038647","Histone marks"
"SRX038648","Histone marks"
"SRX038649","Histone marks"
"SRX038656","Histone marks"
"SRX038657","Histone marks"
"SRX038666","Histone marks"
"SRX038667","Histone marks"
"SRX038668","Histone marks"
"SRX038669","Histone marks"
"SRX038676","Histone marks"
"SRX038677","Histone marks"
"SRX067480","Histone marks"
"SRX067498","Histone marks"
"SRX067514","Histone marks"
"SRX095368","Histone marks"
"SRX1023934","Histone marks"
"SRX1023936","Histone marks"
"SRX1089814","Histone marks"
"SRX1089817","Histone marks"
"SRX1089819","Histone marks"
"SRX1089821","Histone marks"
"SRX117983","Histone marks"
"SRX1204268","Histone marks"
"SRX1318625","Histone marks"
"SRX1318626","Histone marks"
"SRX143111","Histone marks"
"SRX143113","Histone marks"
"SRX156115","Histone marks"
"SRX156123","Histone marks"
"SRX1802099","Histone marks"
"SRX1802101","Histone marks"
"SRX183898","Histone marks"
"SRX183899","Histone marks"
"SRX186655","Histone marks"
"SRX186760","Histone marks"
"SRX189962","Histone marks"
"SRX189988","Histone marks"
"SRX189997","Histone marks"
"SRX190073","Histone marks"
"SRX190084","Histone marks"
"SRX190089","Histone marks"
"SRX1916924","Histone marks"
"SRX1916925","Histone marks"
"SRX2355060","Histone marks"
"SRX2355061","Histone marks"
"SRX306544","Histone marks"
"SRX306552","Histone marks"
"SRX306554","Histone marks"
"SRX306562","Histone marks"
"SRX306564","Histone marks"
"SRX306572","Histone marks"
"SRX3372023","Histone marks"
"SRX3372028","Histone marks"
"SRX356669","Histone marks"
"SRX356672","Histone marks"
"SRX356681","Histone marks"
"SRX627217","Histone marks"
"SRX646123","Histone marks"
"SRX735284","Histone marks"
"SRX735287","Histone marks"
"SRX735294","Histone marks"
"SRX764601","Histone marks"
"SRX860889","Histone marks"
"SRX860890","Histone marks"
"SRX860893","Histone marks"
"SRX860894","Histone marks"
"SRX067490","Histone marks"
"SRX093182","Histone marks"
"SRX1002799","Histone marks"
"SRX1002800","Histone marks"
"SRX1002801","Histone marks"
"SRX1002802","Histone marks"
"SRX1004564","Histone marks"
"SRX105597","Histone marks"
"SRX105598","Histone marks"
"SRX109440","Histone marks"
"SRX109441","Histone marks"
"SRX109443","Histone marks"
"SRX109444","Histone marks"
"SRX109446","Histone marks"
"SRX109447","Histone marks"
"SRX109449","Histone marks"
"SRX1094509","Histone marks"
"SRX109450","Histone marks"
"SRX1094513","Histone marks"
"SRX1096823","Histone marks"
"SRX1096824","Histone marks"
"SRX1096826","Histone marks"
"SRX1096827","Histone marks"
"SRX1096828","Histone marks"
"SRX110656","Histone marks"
"SRX110657","Histone marks"
"SRX110660","Histone marks"
"SRX110661","Histone marks"
"SRX1451225","Histone marks"
"SRX186662","Histone marks"
"SRX186702","Histone marks"
"SRX189074","Histone marks"
"SRX189075","Histone marks"
"SRX189081","Histone marks"
"SRX189082","Histone marks"
"SRX189939","Histone marks"
"SRX189940","Histone marks"
"SRX189943","Histone marks"
"SRX189946","Histone marks"
"SRX189949","Histone marks"
"SRX189951","Histone marks"
"SRX189953","Histone marks"
"SRX189955","Histone marks"
"SRX189960","Histone marks"
"SRX189970","Histone marks"
"SRX189982","Histone marks"
"SRX189983","Histone marks"
"SRX189999","Histone marks"
"SRX190001","Histone marks"
"SRX190003","Histone marks"
"SRX190004","Histone marks"
"SRX190025","Histone marks"
"SRX190032","Histone marks"
"SRX190046","Histone marks"
"SRX190054","Histone marks"
"SRX190056","Histone marks"
"SRX190059","Histone marks"
"SRX190067","Histone marks"
"SRX190069","Histone marks"
"SRX190075","Histone marks"
"SRX190078","Histone marks"
"SRX190079","Histone marks"
"SRX190091","Histone marks"
"SRX190093","Histone marks"
"SRX190095","Histone marks"
"SRX2004190","Histone marks"
"SRX2055063","Histone marks"
"SRX2055065","Histone marks"
"SRX2143796","Histone marks"
"SRX218423","Histone marks"
"SRX2267490","Histone marks"
"SRX2267496","Histone marks"
"SRX263385","Histone marks"
"SRX2858197","Histone marks"
"SRX306551","Histone marks"
"SRX306561","Histone marks"
"SRX306571","Histone marks"
"SRX356648","Histone marks"
"SRX356651","Histone marks"
"SRX356659","Histone marks"
"SRX356691","Histone marks"
"SRX356692","Histone marks"
"SRX356694","Histone marks"
"SRX356695","Histone marks"
"SRX356703","Histone marks"
"SRX356704","Histone marks"
"SRX641915","Histone marks"
"SRX668214","Histone marks"
"SRX735286","Histone marks"
"SRX735288","Histone marks"
"SRX735295","Histone marks"
"SRX995502","Histone marks"
"SRX1123845","Histone marks"
"SRX1123847","Histone marks"
"SRX1123850","Histone marks"
"SRX1123852","Histone marks"
"SRX1224465","Histone marks"
"SRX1224466","Histone marks"
"SRX1272796","Histone marks"
"SRX129091","Histone marks"
"SRX129092","Histone marks"
"SRX1451224","Histone marks"
"SRX1451226","Histone marks"
"SRX1451227","Histone marks"
"SRX1451228","Histone marks"
"SRX1471741","Histone marks"
"SRX154494","Histone marks"
"SRX154496","Histone marks"
"SRX1548210","Histone marks"
"SRX1548211","Histone marks"
"SRX1548216","Histone marks"
"SRX1548217","Histone marks"
"SRX1548234","Histone marks"
"SRX1548235","Histone marks"
"SRX1568604","Histone marks"
"SRX1583419","Histone marks"
"SRX1596297","Histone marks"
"SRX1596299","Histone marks"
"SRX1596305","Histone marks"
"SRX1596307","Histone marks"
"SRX1614812","Histone marks"
"SRX1614813","Histone marks"
"SRX1614815","Histone marks"
"SRX1614816","Histone marks"
"SRX190022","Histone marks"
"SRX190034","Histone marks"
"SRX217069","Histone marks"
"SRX217070","Histone marks"
"SRX2542929","Histone marks"
"SRX2542931","Histone marks"
"SRX2631834","Histone marks"
"SRX263244","Histone marks"
"SRX497247","Histone marks"
"SRX497248","Histone marks"
"SRX497251","Histone marks"
"SRX497252","Histone marks"
"SRX539656","Histone marks"
"SRX539657","Histone marks"
"SRX539659","Histone marks"
"SRX553423","Histone marks"
"SRX553427","Histone marks"
"SRX685328","Histone marks"
"SRX685339","Histone marks"
"SRX2010839","Histone marks"
"SRX2010840","Histone marks"
"SRX203392","Histone marks"
"SRX203393","Histone marks"
"SRX2039696","Histone marks"
"SRX2039697","Histone marks"
"SRX2039704","Histone marks"
"SRX2039705","Histone marks"
"SRX2158964","Histone marks"
"SRX2158965","Histone marks"
"SRX2158966","Histone marks"
"SRX2158973","Histone marks"
"SRX2158974","Histone marks"
"SRX2158975","Histone marks"
"SRX2166896","Histone marks"
"SRX2166897","Histone marks"
"SRX2166900","Histone marks"
"SRX2166901","Histone marks"
"SRX2166902","Histone marks"
"SRX2166905","Histone marks"
"SRX2166925","Histone marks"
"SRX2166926","Histone marks"
"SRX2166929","Histone marks"
"SRX2409189","Histone marks"
"SRX2409190","Histone marks"
"SRX2481501","Histone marks"
"SRX2537507","Histone marks"
"SRX2537509","Histone marks"
"SRX2547030","Histone marks"
"SRX2547032","Histone marks"
"SRX263240","Histone marks"
"SRX263248","Histone marks"
"SRX263260","Histone marks"
"SRX263261","Histone marks"
"SRX263263","Histone marks"
"SRX263265","Histone marks"
"SRX263266","Histone marks"
"SRX263267","Histone marks"
"SRX263272","Histone marks"
"SRX263275","Histone marks"
"SRX263282","Histone marks"
"SRX263292","Histone marks"
"SRX263293","Histone marks"
"SRX263295","Histone marks"
"SRX263296","Histone marks"
"SRX263297","Histone marks"
"SRX263298","Histone marks"
"SRX263299","Histone marks"
"SRX263309","Histone marks"
"SRX2671795","Histone marks"
"SRX2671796","Histone marks"
"SRX2671798","Histone marks"
"SRX2671837","Histone marks"
"SRX2671838","Histone marks"
"SRX2671840","Histone marks"
"SRX2749148","Histone marks"
"SRX2749149","Histone marks"
"SRX2935880","Histone marks"
"SRX2935881","Histone marks"
"SRX2935887","Histone marks"
"SRX2935888","Histone marks"
"SRX2935902","Histone marks"
"SRX2935903","Histone marks"
"SRX2954066","Histone marks"
"SRX2954067","Histone marks"
"SRX3130879","Histone marks"
"SRX3411541","Histone marks"
"SRX3411542","Histone marks"
"SRX356563","Histone marks"
"SRX356564","Histone marks"
"SRX356565","Histone marks"
"SRX356566","Histone marks"
"SRX356571","Histone marks"
"SRX356572","Histone marks"
"SRX481465","Histone marks"
"SRX807623","Histone marks"
"SRX903254","Histone marks"
"SRX903255","Histone marks"
"SRX956545","Histone marks"
"SRX956548","Histone marks"
"SRX971591","Histone marks"
"SRX971592","Histone marks"
"SRX974427","Histone marks"
"SRX974433","Histone marks"
"SRX998277","Histone marks"
"SRX998279","Histone marks"
"SRX998280","Histone marks"
"SRX998282","Histone marks"
"SRX998286","Histone marks"
"SRX998287","Histone marks"
"SRX998289","Histone marks"
"SRX998291","Histone marks"
"SRX016028","TFs and co-factors"
"SRX016029","TFs and co-factors"
"SRX016030","TFs and co-factors"
"SRX016031","TFs and co-factors"
"SRX016032","TFs and co-factors"
"SRX016033","TFs and co-factors"
"SRX016034","TFs and co-factors"
"SRX016035","TFs and co-factors"
"SRX016036","TFs and co-factors"
"SRX016037","TFs and co-factors"
"SRX016038","TFs and co-factors"
"SRX016556","TFs and co-factors"
"SRX016557","TFs and co-factors"
"SRX016559","TFs and co-factors"
"SRX022575","TFs and co-factors"
"SRX038562","TFs and co-factors"
"SRX038563","TFs and co-factors"
"SRX017557","TFs and co-factors"
"SRX017558","TFs and co-factors"
"SRX017559","TFs and co-factors"
"SRX017560","TFs and co-factors"
"SRX031248","TFs and co-factors"
"SRX067495","TFs and co-factors"
"SRX079858","TFs and co-factors"
"SRX080340","TFs and co-factors"
"SRX080415","TFs and co-factors"
"SRX067475","TFs and co-factors"
"SRX080416","TFs and co-factors"
"SRX093319","TFs and co-factors"
"SRX099404","TFs and co-factors"
"SRX099405","TFs and co-factors"
"SRX099406","TFs and co-factors"
"SRX1012146","TFs and co-factors"
"SRX1091830","TFs and co-factors"
"SRX1038944","TFs and co-factors"
"SRX1038945","TFs and co-factors"
"SRX130255","TFs and co-factors"
"SRX1360982","TFs and co-factors"
"SRX1360983","TFs and co-factors"
"SRX1360984","TFs and co-factors"
"SRX147007","TFs and co-factors"
"SRX1471688","TFs and co-factors"
"SRX1471689","TFs and co-factors"
"SRX1471690","TFs and co-factors"
"SRX1471691","TFs and co-factors"
"SRX150103","TFs and co-factors"
"SRX150105","TFs and co-factors"
"SRX150106","TFs and co-factors"
"SRX150107","TFs and co-factors"
"SRX150108","TFs and co-factors"
"SRX150109","TFs and co-factors"
"SRX150110","TFs and co-factors"
"SRX150483","TFs and co-factors"
"SRX150484","TFs and co-factors"
"SRX150598","TFs and co-factors"
"SRX150703","TFs and co-factors"
"SRX1143681","TFs and co-factors"
"SRX1143683","TFs and co-factors"
"SRX1280448","TFs and co-factors"
"SRX1280449","TFs and co-factors"
"SRX155715","TFs and co-factors"
"SRX022576","TFs and co-factors"
"SRX084524","TFs and co-factors"
"SRX084525","TFs and co-factors"
"SRX084526","TFs and co-factors"
"SRX084527","TFs and co-factors"
"SRX084528","TFs and co-factors"
"SRX145843","TFs and co-factors"
"SRX1658067","TFs and co-factors"
"SRX1658068","TFs and co-factors"
"SRX1658069","TFs and co-factors"
"SRX1672123","TFs and co-factors"
"SRX1672124","TFs and co-factors"
"SRX1672127","TFs and co-factors"
"SRX1672128","TFs and co-factors"
"SRX1672129","TFs and co-factors"
"SRX1672130","TFs and co-factors"
"SRX1672133","TFs and co-factors"
"SRX1672136","TFs and co-factors"
"SRX1672137","TFs and co-factors"
"SRX1672138","TFs and co-factors"
"SRX1672139","TFs and co-factors"
"SRX180823","TFs and co-factors"
"SRX180824","TFs and co-factors"
"SRX180825","TFs and co-factors"
"SRX180826","TFs and co-factors"
"SRX180827","TFs and co-factors"
"SRX130060","TFs and co-factors"
"SRX130061","TFs and co-factors"
"SRX130062","TFs and co-factors"
"SRX130063","TFs and co-factors"
"SRX185775","TFs and co-factors"
"SRX185776","TFs and co-factors"
"SRX155719","TFs and co-factors"
"SRX155764","TFs and co-factors"
"SRX186697","TFs and co-factors"
"SRX186746","TFs and co-factors"
"SRX2368878","TFs and co-factors"
"SRX2368879","TFs and co-factors"
"SRX2368884","TFs and co-factors"
"SRX2368885","TFs and co-factors"
"SRX2368898","TFs and co-factors"
"SRX2368899","TFs and co-factors"
"SRX2368900","TFs and co-factors"
"SRX2368901","TFs and co-factors"
"SRX2431535","TFs and co-factors"
"SRX2431536","TFs and co-factors"
"SRX2431537","TFs and co-factors"
"SRX2431538","TFs and co-factors"
"SRX2431539","TFs and co-factors"
"SRX2431540","TFs and co-factors"
"SRX2431541","TFs and co-factors"
"SRX2431542","TFs and co-factors"
"SRX2431543","TFs and co-factors"
"SRX199859","TFs and co-factors"
"SRX2000339","TFs and co-factors"
"SRX2000340","TFs and co-factors"
"SRX2000341","TFs and co-factors"
"SRX2000342","TFs and co-factors"
"SRX2000343","TFs and co-factors"
"SRX2000344","TFs and co-factors"
"SRX2708746","TFs and co-factors"
"SRX2708747","TFs and co-factors"
"SRX2708748","TFs and co-factors"
"SRX2708749","TFs and co-factors"
"SRX2708750","TFs and co-factors"
"SRX2708751","TFs and co-factors"
"SRX2708752","TFs and co-factors"
"SRX2708753","TFs and co-factors"
"SRX2708754","TFs and co-factors"
"SRX2708755","TFs and co-factors"
"SRX2708756","TFs and co-factors"
"SRX2708757","TFs and co-factors"
"SRX3644342","TFs and co-factors"
"SRX3644347","TFs and co-factors"
"SRX3644348","TFs and co-factors"
"SRX3644349","TFs and co-factors"
"SRX3644350","TFs and co-factors"
"SRX3644351","TFs and co-factors"
"SRX3644354","TFs and co-factors"
"SRX3644355","TFs and co-factors"
"SRX3644356","TFs and co-factors"
"SRX3644357","TFs and co-factors"
"SRX3644358","TFs and co-factors"
"SRX3526593","TFs and co-factors"
"SRX4059543","TFs and co-factors"
"SRX4059544","TFs and co-factors"
"SRX4080273","TFs and co-factors"
"SRX4080274","TFs and co-factors"
"SRX4080275","TFs and co-factors"
"SRX4080276","TFs and co-factors"
"SRX3040147","TFs and co-factors"
"SRX3040148","TFs and co-factors"
"SRX3040149","TFs and co-factors"
"SRX3040151","TFs and co-factors"
"SRX3040152","TFs and co-factors"
"SRX3040153","TFs and co-factors"
"SRX3040154","TFs and co-factors"
"SRX555489","TFs and co-factors"
"SRX734307","TFs and co-factors"
"SRX734308","TFs and co-factors"
"SRX734309","TFs and co-factors"
"SRX758323","TFs and co-factors"
"SRX031246","TFs and co-factors"
"SRX038602","TFs and co-factors"
"SRX065541","TFs and co-factors"
"SRX065542","TFs and co-factors"
"SRX065546","TFs and co-factors"
"SRX065547","TFs and co-factors"
"SRX065548","TFs and co-factors"
"SRX065549","TFs and co-factors"
"SRX070876","TFs and co-factors"
"SRX070877","TFs and co-factors"
"SRX070878","TFs and co-factors"
"SRX070879","TFs and co-factors"
"SRX080151","TFs and co-factors"
"SRX080331","TFs and co-factors"
"SRX094470","TFs and co-factors"
"SRX096360","TFs and co-factors"
"SRX096362","TFs and co-factors"
"SRX100256","TFs and co-factors"
"SRX100257","TFs and co-factors"
"SRX1022747","TFs and co-factors"
"SRX102997","TFs and co-factors"
"SRX110230","TFs and co-factors"
"SRX1116230","TFs and co-factors"
"SRX1116231","TFs and co-factors"
"SRX1116232","TFs and co-factors"
"SRX1116233","TFs and co-factors"
"SRX112015","TFs and co-factors"
"SRX112016","TFs and co-factors"
"SRX113579","TFs and co-factors"
"SRX113580","TFs and co-factors"
"SRX113581","TFs and co-factors"
"SRX113583","TFs and co-factors"
"SRX113584","TFs and co-factors"
"SRX113585","TFs and co-factors"
"SRX113586","TFs and co-factors"
"SRX113589","TFs and co-factors"
"SRX113590","TFs and co-factors"
"SRX113591","TFs and co-factors"
"SRX113592","TFs and co-factors"
"SRX1167098","TFs and co-factors"
"SRX1167099","TFs and co-factors"
"SRX1167101","TFs and co-factors"
"SRX1167102","TFs and co-factors"
"SRX118010","TFs and co-factors"
"SRX118011","TFs and co-factors"
"SRX118012","TFs and co-factors"
"SRX118013","TFs and co-factors"
"SRX1206075","TFs and co-factors"
"SRX1283466","TFs and co-factors"
"SRX1283467","TFs and co-factors"
"SRX1293070","TFs and co-factors"
"SRX1293071","TFs and co-factors"
"SRX1293072","TFs and co-factors"
"SRX130266","TFs and co-factors"
"SRX130267","TFs and co-factors"
"SRX130268","TFs and co-factors"
"SRX1427029","TFs and co-factors"
"SRX1427030","TFs and co-factors"
"SRX1429050","TFs and co-factors"
"SRX149703","TFs and co-factors"
"SRX149707","TFs and co-factors"
"SRX150358","TFs and co-factors"
"SRX150651","TFs and co-factors"
"SRX150656","TFs and co-factors"
"SRX1514916","TFs and co-factors"
"SRX157607","TFs and co-factors"
"SRX157608","TFs and co-factors"
"SRX159130","TFs and co-factors"
"SRX159134","TFs and co-factors"
"SRX170373","TFs and co-factors"
"SRX170374","TFs and co-factors"
"SRX170375","TFs and co-factors"
"SRX170376","TFs and co-factors"
"SRX170377","TFs and co-factors"
"SRX1782978","TFs and co-factors"
"SRX1782979","TFs and co-factors"
"SRX186617","TFs and co-factors"
"SRX186618","TFs and co-factors"
"SRX186619","TFs and co-factors"
"SRX186714","TFs and co-factors"
"SRX189740","TFs and co-factors"
"SRX189741","TFs and co-factors"
"SRX194192","TFs and co-factors"
"SRX1993434","TFs and co-factors"
"SRX1993435","TFs and co-factors"
"SRX204662","TFs and co-factors"
"SRX208484","TFs and co-factors"
"SRX210718","TFs and co-factors"
"SRX210719","TFs and co-factors"
"SRX220061","TFs and co-factors"
"SRX220062","TFs and co-factors"
"SRX2346892","TFs and co-factors"
"SRX2346893","TFs and co-factors"
"SRX235608","TFs and co-factors"
"SRX2452425","TFs and co-factors"
"SRX2452426","TFs and co-factors"
"SRX017905","TFs and co-factors"
"SRX017906","TFs and co-factors"
"SRX028587","TFs and co-factors"
"SRX028588","TFs and co-factors"
"SRX028640","TFs and co-factors"
"SRX028641","TFs and co-factors"
"SRX038504","TFs and co-factors"
"SRX038505","TFs and co-factors"
"SRX080130","TFs and co-factors"
"SRX080131","TFs and co-factors"
"SRX082162","TFs and co-factors"
"SRX082163","TFs and co-factors"
"SRX082164","TFs and co-factors"
"SRX093541","TFs and co-factors"
"SRX100383","TFs and co-factors"
"SRX100386","TFs and co-factors"
"SRX100387","TFs and co-factors"
"SRX100392","TFs and co-factors"
"SRX100394","TFs and co-factors"
"SRX100395","TFs and co-factors"
"SRX100401","TFs and co-factors"
"SRX100407","TFs and co-factors"
"SRX100408","TFs and co-factors"
"SRX100431","TFs and co-factors"
"SRX100432","TFs and co-factors"
"SRX100433","TFs and co-factors"
"SRX100434","TFs and co-factors"
"SRX100435","TFs and co-factors"
"SRX100436","TFs and co-factors"
"SRX100437","TFs and co-factors"
"SRX100451","TFs and co-factors"
"SRX100456","TFs and co-factors"
"SRX100461","TFs and co-factors"
"SRX100465","TFs and co-factors"
"SRX100479","TFs and co-factors"
"SRX100522","TFs and co-factors"
"SRX100541","TFs and co-factors"
"SRX100553","TFs and co-factors"
"SRX100554","TFs and co-factors"
"SRX100555","TFs and co-factors"
"SRX100556","TFs and co-factors"
"SRX100576","TFs and co-factors"
"SRX100577","TFs and co-factors"
"SRX100579","TFs and co-factors"
"SRX100582","TFs and co-factors"
"SRX100583","TFs and co-factors"
"SRX1012536","TFs and co-factors"
"SRX1012537","TFs and co-factors"
"SRX1012538","TFs and co-factors"
"SRX1012539","TFs and co-factors"
"SRX130609","TFs and co-factors"
"SRX130610","TFs and co-factors"
"SRX1322299","TFs and co-factors"
"SRX1456193","TFs and co-factors"
"SRX1456195","TFs and co-factors"
"SRX150357","TFs and co-factors"
"SRX150363","TFs and co-factors"
"SRX150374","TFs and co-factors"
"SRX150381","TFs and co-factors"
"SRX150389","TFs and co-factors"
"SRX150410","TFs and co-factors"
"SRX150411","TFs and co-factors"
"SRX150412","TFs and co-factors"
"SRX150425","TFs and co-factors"
"SRX150455","TFs and co-factors"
"SRX150456","TFs and co-factors"
"SRX150457","TFs and co-factors"
"SRX150458","TFs and co-factors"
"SRX150489","TFs and co-factors"
"SRX150494","TFs and co-factors"
"SRX150496","TFs and co-factors"
"SRX150509","TFs and co-factors"
"SRX150510","TFs and co-factors"
"SRX150521","TFs and co-factors"
"SRX150561","TFs and co-factors"
"SRX150562","TFs and co-factors"
"SRX150571","TFs and co-factors"
"SRX150585","TFs and co-factors"
"SRX150586","TFs and co-factors"
"SRX150597","TFs and co-factors"
"SRX150620","TFs and co-factors"
"SRX150635","TFs and co-factors"
"SRX150636","TFs and co-factors"
"SRX150637","TFs and co-factors"
"SRX150662","TFs and co-factors"
"SRX150691","TFs and co-factors"
"SRX150692","TFs and co-factors"
"SRX150730","TFs and co-factors"
"SRX150731","TFs and co-factors"
"SRX150732","TFs and co-factors"
"SRX1530787","TFs and co-factors"
"SRX170356","TFs and co-factors"
"SRX186607","TFs and co-factors"
"SRX186608","TFs and co-factors"
"SRX186609","TFs and co-factors"
"SRX186610","TFs and co-factors"
"SRX186620","TFs and co-factors"
"SRX186621","TFs and co-factors"
"SRX186622","TFs and co-factors"
"SRX186628","TFs and co-factors"
"SRX186694","TFs and co-factors"
"SRX188958","TFs and co-factors"
"SRX188963","TFs and co-factors"
"SRX190177","TFs and co-factors"
"SRX190185","TFs and co-factors"
"SRX190186","TFs and co-factors"
"SRX190187","TFs and co-factors"
"SRX190200","TFs and co-factors"
"SRX190201","TFs and co-factors"
"SRX190216","TFs and co-factors"
"SRX190227","TFs and co-factors"
"SRX190235","TFs and co-factors"
"SRX190236","TFs and co-factors"
"SRX190306","TFs and co-factors"
"SRX190337","TFs and co-factors"
"SRX190349","TFs and co-factors"
"SRX2188684","TFs and co-factors"
"SRX2188685","TFs and co-factors"
"SRX2253219","TFs and co-factors"
"SRX2253220","TFs and co-factors"
"SRX2339191","TFs and co-factors"
"SRX2339193","TFs and co-factors"
"SRX2458133","TFs and co-factors"
"SRX2458134","TFs and co-factors"
"SRX2458135","TFs and co-factors"
"SRX2458136","TFs and co-factors"
"SRX2458137","TFs and co-factors"
"SRX2458138","TFs and co-factors"
"SRX2755182","TFs and co-factors"
"SRX2755183","TFs and co-factors"
"SRX2837383","TFs and co-factors"
"SRX2837384","TFs and co-factors"
"SRX2837385","TFs and co-factors"
"SRX2837386","TFs and co-factors"
"SRX2837387","TFs and co-factors"
"SRX2837388","TFs and co-factors"
"SRX2837389","TFs and co-factors"
"SRX2837390","TFs and co-factors"
"SRX295034","TFs and co-factors"
"SRX295035","TFs and co-factors"
"SRX2966968","TFs and co-factors"
"SRX2966969","TFs and co-factors"
"SRX2966972","TFs and co-factors"
"SRX2966973","TFs and co-factors"
"SRX326378","TFs and co-factors"
"SRX326379","TFs and co-factors"
"SRX329081","TFs and co-factors"
"SRX329082","TFs and co-factors"
"SRX3445722","TFs and co-factors"
"SRX3445723","TFs and co-factors"
"SRX356479","TFs and co-factors"
"SRX356480","TFs and co-factors"
"SRX381502","TFs and co-factors"
"SRX381503","TFs and co-factors"
"SRX475743","TFs and co-factors"
"SRX475755","TFs and co-factors"
"SRX475756","TFs and co-factors"
"SRX502808","TFs and co-factors"
"SRX502810","TFs and co-factors"
"SRX530184","TFs and co-factors"
"SRX530186","TFs and co-factors"
"SRX534844","TFs and co-factors"
"SRX534845","TFs and co-factors"
"SRX663438","TFs and co-factors"
"SRX663441","TFs and co-factors"
"SRX707368","TFs and co-factors"
"SRX749133","TFs and co-factors"
"SRX018651","TFs and co-factors"
"SRX018655","TFs and co-factors"
"SRX018991","TFs and co-factors"
"SRX018992","TFs and co-factors"
"SRX019963","TFs and co-factors"
"SRX021983","TFs and co-factors"
"SRX023216","TFs and co-factors"
"SRX027401","TFs and co-factors"
"SRX027402","TFs and co-factors"
"SRX027403","TFs and co-factors"
"SRX038582","TFs and co-factors"
"SRX038583","TFs and co-factors"
"SRX038644","TFs and co-factors"
"SRX038664","TFs and co-factors"
"SRX038665","TFs and co-factors"
"SRX038777","TFs and co-factors"
"SRX041286","TFs and co-factors"
"SRX041287","TFs and co-factors"
"SRX041288","TFs and co-factors"
"SRX041289","TFs and co-factors"
"SRX041290","TFs and co-factors"
"SRX041291","TFs and co-factors"
"SRX041292","TFs and co-factors"
"SRX041293","TFs and co-factors"
"SRX067516","TFs and co-factors"
"SRX080161","TFs and co-factors"
"SRX080328","TFs and co-factors"
"SRX080338","TFs and co-factors"
"SRX080368","TFs and co-factors"
"SRX080371","TFs and co-factors"
"SRX080398","TFs and co-factors"
"SRX080408","TFs and co-factors"
"SRX092313","TFs and co-factors"
"SRX092314","TFs and co-factors"
"SRX099230","TFs and co-factors"
"SRX099231","TFs and co-factors"
"SRX102978","TFs and co-factors"
"SRX1089826","TFs and co-factors"
"SRX1089829","TFs and co-factors"
"SRX1089836","TFs and co-factors"
"SRX1131597","TFs and co-factors"
"SRX1131599","TFs and co-factors"
"SRX1131600","TFs and co-factors"
"SRX1131601","TFs and co-factors"
"SRX123442","TFs and co-factors"
"SRX123443","TFs and co-factors"
"SRX123444","TFs and co-factors"
"SRX123445","TFs and co-factors"
"SRX1318615","TFs and co-factors"
"SRX1318617","TFs and co-factors"
"SRX1318619","TFs and co-factors"
"SRX1318620","TFs and co-factors"
"SRX1425809","TFs and co-factors"
"SRX1460847","TFs and co-factors"
"SRX1460848","TFs and co-factors"
"SRX1460849","TFs and co-factors"
"SRX1460850","TFs and co-factors"
"SRX1460851","TFs and co-factors"
"SRX1460852","TFs and co-factors"
"SRX1460853","TFs and co-factors"
"SRX1460854","TFs and co-factors"
"SRX1478537","TFs and co-factors"
"SRX151939","TFs and co-factors"
"SRX151940","TFs and co-factors"
"SRX151947","TFs and co-factors"
"SRX151948","TFs and co-factors"
"SRX156110","TFs and co-factors"
"SRX156111","TFs and co-factors"
"SRX156112","TFs and co-factors"
"SRX156118","TFs and co-factors"
"SRX156119","TFs and co-factors"
"SRX156120","TFs and co-factors"
"SRX186666","TFs and co-factors"
"SRX186670","TFs and co-factors"
"SRX186680","TFs and co-factors"
"SRX186685","TFs and co-factors"
"SRX186704","TFs and co-factors"
"SRX186719","TFs and co-factors"
"SRX186725","TFs and co-factors"
"SRX188960","TFs and co-factors"
"SRX1967776","TFs and co-factors"
"SRX1967777","TFs and co-factors"
"SRX2014554","TFs and co-factors"
"SRX204107","TFs and co-factors"
"SRX204109","TFs and co-factors"
"SRX212647","TFs and co-factors"
"SRX212648","TFs and co-factors"
"SRX212661","TFs and co-factors"
"SRX212662","TFs and co-factors"
"SRX2355057","TFs and co-factors"
"SRX2355058","TFs and co-factors"
"SRX2355059","TFs and co-factors"
"SRX2355070","TFs and co-factors"
"SRX2355071","TFs and co-factors"
"SRX2355072","TFs and co-factors"
"SRX2355073","TFs and co-factors"
"SRX2355074","TFs and co-factors"
"SRX2355075","TFs and co-factors"
"SRX2355076","TFs and co-factors"
"SRX2355077","TFs and co-factors"
"SRX2355078","TFs and co-factors"
"SRX2582161","TFs and co-factors"
"SRX2963102","TFs and co-factors"
"SRX2963103","TFs and co-factors"
"SRX3089967","TFs and co-factors"
"SRX3089968","TFs and co-factors"
"SRX3100755","TFs and co-factors"
"SRX323567","TFs and co-factors"
"SRX3372012","TFs and co-factors"
"SRX3372020","TFs and co-factors"
"SRX3372021","TFs and co-factors"
"SRX356667","TFs and co-factors"
"SRX356687","TFs and co-factors"
"SRX356688","TFs and co-factors"
"SRX381543","TFs and co-factors"
"SRX381545","TFs and co-factors"
"SRX386478","TFs and co-factors"
"SRX386479","TFs and co-factors"
"SRX3942989","TFs and co-factors"
"SRX3942990","TFs and co-factors"
"SRX3942992","TFs and co-factors"
"SRX4080293","TFs and co-factors"
"SRX4080294","TFs and co-factors"
"SRX467199","TFs and co-factors"
"SRX467200","TFs and co-factors"
"SRX476913","TFs and co-factors"
"SRX476914","TFs and co-factors"
"SRX514840","TFs and co-factors"
"SRX543180","TFs and co-factors"
"SRX543181","TFs and co-factors"
"SRX543182","TFs and co-factors"
"SRX543183","TFs and co-factors"
"SRX646125","TFs and co-factors"
"SRX646126","TFs and co-factors"
"SRX646135","TFs and co-factors"
"SRX646136","TFs and co-factors"
"SRX753312","TFs and co-factors"
"SRX873813","TFs and co-factors"
"SRX873814","TFs and co-factors"
"SRX067535","TFs and co-factors"
"SRX080329","TFs and co-factors"
"SRX080333","TFs and co-factors"
"SRX080336","TFs and co-factors"
"SRX080339","TFs and co-factors"
"SRX080341","TFs and co-factors"
"SRX080342","TFs and co-factors"
"SRX080343","TFs and co-factors"
"SRX080344","TFs and co-factors"
"SRX080347","TFs and co-factors"
"SRX080349","TFs and co-factors"
"SRX080355","TFs and co-factors"
"SRX080357","TFs and co-factors"
"SRX080358","TFs and co-factors"
"SRX080359","TFs and co-factors"
"SRX080362","TFs and co-factors"
"SRX080373","TFs and co-factors"
"SRX080374","TFs and co-factors"
"SRX080375","TFs and co-factors"
"SRX080377","TFs and co-factors"
"SRX080380","TFs and co-factors"
"SRX080386","TFs and co-factors"
"SRX080388","TFs and co-factors"
"SRX080389","TFs and co-factors"
"SRX080390","TFs and co-factors"
"SRX080391","TFs and co-factors"
"SRX080393","TFs and co-factors"
"SRX080395","TFs and co-factors"
"SRX080399","TFs and co-factors"
"SRX080400","TFs and co-factors"
"SRX080403","TFs and co-factors"
"SRX080404","TFs and co-factors"
"SRX080406","TFs and co-factors"
"SRX080413","TFs and co-factors"
"SRX080414","TFs and co-factors"
"SRX080420","TFs and co-factors"
"SRX080422","TFs and co-factors"
"SRX080425","TFs and co-factors"
"SRX080427","TFs and co-factors"
"SRX080431","TFs and co-factors"
"SRX080432","TFs and co-factors"
"SRX080442","TFs and co-factors"
"SRX092315","TFs and co-factors"
"SRX093183","TFs and co-factors"
"SRX093184","TFs and co-factors"
"SRX099628","TFs and co-factors"
"SRX099629","TFs and co-factors"
"SRX100414","TFs and co-factors"
"SRX1004562","TFs and co-factors"
"SRX1004563","TFs and co-factors"
"SRX100525","TFs and co-factors"
"SRX102977","TFs and co-factors"
"SRX102979","TFs and co-factors"
"SRX1042046","TFs and co-factors"
"SRX1042048","TFs and co-factors"
"SRX1042049","TFs and co-factors"
"SRX1042050","TFs and co-factors"
"SRX107284","TFs and co-factors"
"SRX107285","TFs and co-factors"
"SRX1094508","TFs and co-factors"
"SRX1094510","TFs and co-factors"
"SRX111773","TFs and co-factors"
"SRX111774","TFs and co-factors"
"SRX111775","TFs and co-factors"
"SRX111776","TFs and co-factors"
"SRX111777","TFs and co-factors"
"SRX111778","TFs and co-factors"
"SRX1123843","TFs and co-factors"
"SRX1123844","TFs and co-factors"
"SRX1123848","TFs and co-factors"
"SRX144522","TFs and co-factors"
"SRX144526","TFs and co-factors"
"SRX1470542","TFs and co-factors"
"SRX1470544","TFs and co-factors"
"SRX1721488","TFs and co-factors"
"SRX1738531","TFs and co-factors"
"SRX1738532","TFs and co-factors"
"SRX1829864","TFs and co-factors"
"SRX1845643","TFs and co-factors"
"SRX1845644","TFs and co-factors"
"SRX186710","TFs and co-factors"
"SRX186728","TFs and co-factors"
"SRX188970","TFs and co-factors"
"SRX189083","TFs and co-factors"
"SRX189084","TFs and co-factors"
"SRX190226","TFs and co-factors"
"SRX190237","TFs and co-factors"
"SRX190242","TFs and co-factors"
"SRX190406","TFs and co-factors"
"SRX1961296","TFs and co-factors"
"SRX199856","TFs and co-factors"
"SRX199858","TFs and co-factors"
"SRX199863","TFs and co-factors"
"SRX199872","TFs and co-factors"
"SRX199885","TFs and co-factors"
"SRX199889","TFs and co-factors"
"SRX199890","TFs and co-factors"
"SRX199893","TFs and co-factors"
"SRX199894","TFs and co-factors"
"SRX199895","TFs and co-factors"
"SRX199896","TFs and co-factors"
"SRX199905","TFs and co-factors"
"SRX204162","TFs and co-factors"
"SRX204163","TFs and co-factors"
"SRX204164","TFs and co-factors"
"SRX204165","TFs and co-factors"
"SRX204173","TFs and co-factors"
"SRX204174","TFs and co-factors"
"SRX204179","TFs and co-factors"
"SRX204180","TFs and co-factors"
"SRX205164","TFs and co-factors"
"SRX205165","TFs and co-factors"
"SRX212318","TFs and co-factors"
"SRX2143792","TFs and co-factors"
"SRX2143793","TFs and co-factors"
"SRX218418","TFs and co-factors"
"SRX218419","TFs and co-factors"
"SRX218420","TFs and co-factors"
"SRX218421","TFs and co-factors"
"SRX2267438","TFs and co-factors"
"SRX2267439","TFs and co-factors"
"SRX246953","TFs and co-factors"
"SRX246954","TFs and co-factors"
"SRX268881","TFs and co-factors"
"SRX268882","TFs and co-factors"
"SRX268883","TFs and co-factors"
"SRX268884","TFs and co-factors"
"SRX341010","TFs and co-factors"
"SRX3436561","TFs and co-factors"
"SRX3436562","TFs and co-factors"
"SRX346921","TFs and co-factors"
"SRX346922","TFs and co-factors"
"SRX356646","TFs and co-factors"
"SRX356665","TFs and co-factors"
"SRX356666","TFs and co-factors"
"SRX356689","TFs and co-factors"
"SRX356710","TFs and co-factors"
"SRX356711","TFs and co-factors"
"SRX382353","TFs and co-factors"
"SRX382354","TFs and co-factors"
"SRX535453","TFs and co-factors"
"SRX535454","TFs and co-factors"
"SRX535455","TFs and co-factors"
"SRX535456","TFs and co-factors"
"SRX668217","TFs and co-factors"
"SRX668219","TFs and co-factors"
"SRX668234","TFs and co-factors"
"SRX814231","TFs and co-factors"
"SRX814234","TFs and co-factors"
"SRX995500","TFs and co-factors"
"SRX995501","TFs and co-factors"
"SRX1123849","TFs and co-factors"
"SRX1178183","TFs and co-factors"
"SRX129093","TFs and co-factors"
"SRX129116","TFs and co-factors"
"SRX129117","TFs and co-factors"
"SRX1425808","TFs and co-factors"
"SRX1471738","TFs and co-factors"
"SRX1471739","TFs and co-factors"
"SRX150409","TFs and co-factors"
"SRX150413","TFs and co-factors"
"SRX150544","TFs and co-factors"
"SRX154498","TFs and co-factors"
"SRX1548204","TFs and co-factors"
"SRX1548205","TFs and co-factors"
"SRX155739","TFs and co-factors"
"SRX155740","TFs and co-factors"
"SRX1596304","TFs and co-factors"
"SRX1614802","TFs and co-factors"
"SRX1614803","TFs and co-factors"
"SRX1629831","TFs and co-factors"
"SRX1721484","TFs and co-factors"
"SRX1721486","TFs and co-factors"
"SRX1721490","TFs and co-factors"
"SRX1801654","TFs and co-factors"
"SRX1801655","TFs and co-factors"
"SRX1842780","TFs and co-factors"
"SRX1842781","TFs and co-factors"
"SRX185708","TFs and co-factors"
"SRX188946","TFs and co-factors"
"SRX188947","TFs and co-factors"
"SRX188950","TFs and co-factors"
"SRX188959","TFs and co-factors"
"SRX188962","TFs and co-factors"
"SRX188968","TFs and co-factors"
"SRX199897","TFs and co-factors"
"SRX199899","TFs and co-factors"
"SRX199903","TFs and co-factors"
"SRX199904","TFs and co-factors"
"SRX2661479","TFs and co-factors"
"SRX2661481","TFs and co-factors"
"SRX3102568","TFs and co-factors"
"SRX3102569","TFs and co-factors"
"SRX3102570","TFs and co-factors"
"SRX3102571","TFs and co-factors"
"SRX327761","TFs and co-factors"
"SRX3372016","TFs and co-factors"
"SRX346923","TFs and co-factors"
"SRX346924","TFs and co-factors"
"SRX398302","TFs and co-factors"
"SRX4235878","TFs and co-factors"
"SRX423971","TFs and co-factors"
"SRX497255","TFs and co-factors"
"SRX497256","TFs and co-factors"
"SRX541384","TFs and co-factors"
"SRX541385","TFs and co-factors"
"SRX627428","TFs and co-factors"
"SRX627430","TFs and co-factors"
"SRX679419","TFs and co-factors"
"SRX2010836","TFs and co-factors"
"SRX2010837","TFs and co-factors"
"SRX203387","TFs and co-factors"
"SRX203388","TFs and co-factors"
"SRX203389","TFs and co-factors"
"SRX203390","TFs and co-factors"
"SRX203391","TFs and co-factors"
"SRX203394","TFs and co-factors"
"SRX203395","TFs and co-factors"
"SRX2166885","TFs and co-factors"
"SRX2166886","TFs and co-factors"
"SRX2166889","TFs and co-factors"
"SRX2166890","TFs and co-factors"
"SRX2166891","TFs and co-factors"
"SRX2166894","TFs and co-factors"
"SRX2166895","TFs and co-factors"
"SRX2250317","TFs and co-factors"
"SRX2481499","TFs and co-factors"
"SRX2481500","TFs and co-factors"
"SRX253212","TFs and co-factors"
"SRX2537097","TFs and co-factors"
"SRX2537098","TFs and co-factors"
"SRX2671799","TFs and co-factors"
"SRX2671836","TFs and co-factors"
"SRX2749150","TFs and co-factors"
"SRX2749155","TFs and co-factors"
"SRX2941475","TFs and co-factors"
"SRX2941476","TFs and co-factors"
"SRX3330448","TFs and co-factors"
"SRX3330449","TFs and co-factors"
"SRX356561","TFs and co-factors"
"SRX356562","TFs and co-factors"
"SRX356576","TFs and co-factors"
"SRX356577","TFs and co-factors"
"SRX481466","TFs and co-factors"
"SRX502054","TFs and co-factors"
"SRX502056","TFs and co-factors"
"SRX596338","TFs and co-factors"
"SRX596340","TFs and co-factors"
"SRX687834","TFs and co-factors"
"SRX687835","TFs and co-factors"
"SRX718420","TFs and co-factors"
"SRX718421","TFs and co-factors"
"SRX718422","TFs and co-factors"
"SRX718423","TFs and co-factors"
"SRX718424","TFs and co-factors"
"SRX767116","TFs and co-factors"
"SRX807620","TFs and co-factors"
